APO01,6.03.(c)
APO01.02,6.03.(a),6.08.(a),6.09.(j),6.01.(b),6.01.(d),6.02.(e),6.03.(b),6.03.04.(b),6.03.04.(c),6.03.05.(b),6.03.05.(d),6.03.06.(b),6.04.01.(c),6.04.01.(f),6.04.02.(a),6.04.02.(b),6.04.02.(c),6.04.03.(b),6.04.06.(a),6.04.08.(a),6.04.08.(b),6.04.08.(c),6.04.08.03.(a),6.04.08.03.(b)
APO01.03,6.01.(d),6.04.03.(a),6.02.(e),6.01.(c),6.02.(e),6.03.(i),6.03.(j),6.01.(b),6.01.(d),6.02.(e),6.03.(b),6.03.04.(b),6.03.04.(c),6.03.05.(b),6.03.05.(d),6.03.06.(b),6.04.01.(c),6.04.01.(f),6.04.02.(a),6.04.02.(b),6.04.02.(c),6.04.03.(b),6.04.06.(a),6.04.08.(a),6.04.08.(b),6.04.08.(c),6.04.08.03.(a),6.04.08.03.(b),6.04.01.(d),6.04.08.02.(a),6.02.(a),6.02.(b),6.03.(a),6.03.04.(b),6.03.04.(c),6.03.05.(d),6.03.06.(a),6.03.06.(b),6.04.01.(a),6.04.01.(b),6.04.01.(d),6.04.01.(e),6.04.01.(g),6.04.03.(c),6.04.08.02.(a),6.03.04.(b),6.03.04.(c),6.03.05.(d),6.03.06.(a),6.04.02.(b),6.03.04.(b),6.03.04.(c),6.03.05.(d),6.04.05.(b),6.03.07.(a),6.03.07.(b),6.03.07.(c),6.03.07.(d),6.04.07.(b),6.07.01.(a),6.07.01.(d),6.07.01.(e),6.07.01.(f),6.07.01.(g),6.07.01.(h),6.07.01.(a),6.04.07.(b),6.07.01.(f),6.07.01.(h),6.02.(c),6.03.07.(a),6.03.07.(b),6.03.07.(c),6.03.07.(d),6.02.(c),6.02.(d),6.07.01.(k),6.03.(f),6.03.02.(a),6.03.02.(b),6.03.05.(c),6.07.01.(o),6.03.(g)
APO01.04,6.02.(e)
APO01.06,6.03.(a),6.04.03.(a),6.10.(a),6.10.(b),6.10.(c),6.10.(d),6.10.(e),6.03.05.(b),6.03.(d),6.03.(h),6.03.01.(a),6.03.04.(a),6.03.04.(b),6.03.04.(c),6.03.04.(e),6.07.01.(o)
APO01.08,6.01.(c),6.02.(e),6.03.(i),6.03.(j),6.01.(b),6.01.(d),6.02.(e),6.03.(b),6.03.04.(b),6.03.04.(c),6.03.05.(b),6.03.05.(d),6.03.06.(b),6.04.01.(c),6.04.01.(f),6.04.02.(a),6.04.02.(b),6.04.02.(c),6.04.03.(b),6.04.06.(a),6.04.08.(a),6.04.08.(b),6.04.08.(c),6.04.08.03.(a),6.04.08.03.(b),6.04.01.(d),6.04.08.02.(a),6.02.(a),6.02.(b),6.03.(a),6.03.04.(b),6.03.04.(c),6.03.05.(d),6.03.06.(a),6.03.06.(b),6.04.01.(a),6.04.01.(b),6.04.01.(d),6.04.01.(e),6.04.01.(g),6.04.03.(c),6.04.08.02.(a),6.03.04.(b),6.03.04.(c),6.03.05.(d),6.03.06.(a),6.04.02.(b),6.03.04.(b),6.03.04.(c),6.03.05.(d),6.04.05.(b),6.04.03.(b),6.04.08.(a),6.04.08.(b),6.06.(a),6.06.(b),6.06.(c),6.06.(d),6.06.(e),6.06.(f),6.03.(k),6.03.07.(a),6.03.07.(b),6.03.07.(c),6.03.07.(d),6.02.(b),6.02.(d)
APO02.05,6.04.03.(b),6.04.08.(a),6.04.08.(b),6.06.(a),6.06.(b),6.06.(c),6.06.(d),6.06.(e),6.06.(f)
APO03.01,6.10.(a),6.10.(b),6.10.(c),6.10.(d),6.10.(e),6.04.03.(b),6.04.08.(a),6.04.08.(b),6.06.(a),6.06.(b),6.06.(c),6.06.(d),6.06.(e),6.06.(f),6.03.03.(a),6.03.03.(d),6.03.04.(d),6.04.07.(a),6.07.01.(c),6.03.(d),6.03.03.(b),6.03.05.(a),6.03.05.(b),6.04.01.(a),6.04.01.(g),6.04.03.(c),6.04.08.02.(a),6.04.08.02.(b),6.05.(c),6.02.(c),6.03.07.(a),6.03.07.(b),6.03.07.(c),6.03.07.(d)
APO03.02,6.08.(a),6.09.(j),6.04.03.(a),6.10.(a),6.10.(b),6.10.(c),6.10.(d),6.10.(e),6.03.05.(b),6.03.01.(a),6.03.04.(a),6.03.04.(b),6.03.04.(c),6.03.04.(e),6.07.01.(o),6.04.03.(b),6.04.08.(a),6.04.08.(b),6.06.(a),6.06.(b),6.06.(c),6.06.(d),6.06.(e),6.06.(f),6.03.03.(a),6.03.03.(d),6.03.04.(d),6.04.07.(a),6.07.01.(c),6.03.(d),6.03.03.(b),6.03.05.(a),6.03.05.(b),6.04.01.(a),6.04.01.(g),6.04.03.(c),6.04.08.02.(a),6.04.08.02.(b),6.05.(c),6.02.(c),6.03.07.(a),6.03.07.(b),6.03.07.(c),6.03.07.(d)
APO04.02,6.04.03.(b),6.04.08.(a),6.04.08.(b),6.06.(a),6.06.(b),6.06.(c),6.06.(d),6.06.(e),6.06.(f)
APO07.01,6.03.(c),6.01.(a)
APO07.03,6.03.(c),6.01.(c),6.02.(e),6.07.01.(a)
APO07.05,6.01.(a)
APO07.06,6.01.(a),6.01.(c),6.02.(e),6.02.(a),6.02.(b),6.03.(a),6.03.04.(b),6.03.04.(c),6.03.05.(d),6.03.06.(a),6.03.06.(b),6.04.01.(a),6.04.01.(b),6.04.01.(d),6.04.01.(e),6.04.01.(g),6.04.03.(c),6.04.08.02.(a),6.07.01.(a)
APO08.01,6.04.03.(a),6.03.05.(b)
APO09.01,6.02.(b),6.04.03.(a),6.10.(a),6.10.(b),6.10.(c),6.10.(d),6.10.(e),6.10.(a),6.10.(b),6.10.(c),6.10.(d),6.10.(e)
APO09.02,6.02.(b),6.04.03.(a)
APO09.03,6.03.01.(c),6.02.(b),6.04.03.(a),6.03.(c),6.05.(a),6.05.(b),6.05.(c),6.04.03.(a),6.03.05.(b),6.04.04.(a),6.04.04.(b),6.04.04.(c),6.04.04.(d),6.04.04.(e),6.04.05.(d),6.04.05.(e),6.04.08.02.(b),6.04.03.(b),6.04.08.(a),6.04.08.(b),6.06.(a),6.06.(b),6.06.(c),6.06.(d),6.06.(e),6.06.(f),6.02.(c),6.03.07.(a),6.03.07.(b),6.03.07.(c),6.03.07.(d),6.02.(e),6.10.(h),6.10.(i),6.02.(c),6.02.(d),6.07.01.(k)
APO09.04,6.02.(c),6.02.(d),6.07.01.(k)
APO09.05,6.02.(e),6.10.(h),6.10.(i),6.02.(c),6.02.(d),6.07.01.(k)
APO10.01,6.02.(c),6.02.(d),6.07.01.(k)
APO10.03,6.02.(c),6.02.(d),6.07.01.(k)
APO10.04,6.05.(a),6.05.(b),6.05.(c),6.02.(a),6.02.(b),6.03.(a),6.03.04.(b),6.03.04.(c),6.03.05.(d),6.03.06.(a),6.03.06.(b),6.04.01.(a),6.04.01.(b),6.04.01.(d),6.04.01.(e),6.04.01.(g),6.04.03.(c),6.04.08.02.(a),6.02.(c),6.02.(d),6.07.01.(k)
APO10.05,6.05.(a),6.05.(b),6.05.(c),6.02.(b),6.02.(d)
APO11.01,6.03.01.(b),6.03.01.(d)
APO11.02,6.03.01.(b),6.03.01.(d)
APO11.04,6.03.01.(b),6.03.01.(d)
APO11.05,6.03.01.(b),6.03.01.(d)
APO12,6.03.(a),6.03.(a),6.08.(a)
APO12.01,6.10.(a),6.10.(b),6.10.(c),6.10.(d),6.10.(e),6.10.(f),6.10.(g),6.10.(h),6.10.(i),6.01.(d),6.04.03.(a)
APO12.02,6.10.(a),6.10.(b),6.10.(c),6.10.(d),6.10.(e),6.10.(f),6.10.(g),6.10.(h),6.10.(i),6.01.(d),6.04.03.(a)
APO12.03,6.10.(a),6.10.(b),6.10.(c),6.10.(d),6.10.(e),6.10.(f),6.10.(g),6.10.(h),6.10.(i),6.01.(d),6.04.03.(a)
APO12.04,6.01.(d),6.03.(e),6.07.01.(m),6.07.01.(n),6.01.(d),6.04.03.(a)
APO12.05,6.01.(d),6.03.(e),6.07.01.(m),6.07.01.(n)
APO12.06,6.01.(d)
APO13.01,6.03.01.(c),6.02.(b),6.04.03.(a),6.08.(a),6.09.(i),6.05.(a),6.05.(a),6.05.(b),6.05.(c),6.08.(a),6.09.(i),6.08.(a),6.09.(i),6.08.(a),6.09.(j),6.08.(a),6.09.(i),6.04.03.(a),6.03.05.(b),6.03.(h),6.04.04.(a),6.04.04.(b),6.04.04.(c),6.04.04.(d),6.04.04.(e),6.04.05.(d),6.04.05.(e),6.04.08.02.(b),6.04.05.(a),6.04.05.(c),6.03.01.(a),6.03.04.(a),6.03.04.(b),6.03.04.(c),6.03.04.(e),6.07.01.(o),6.02.(e),6.03.(a),6.01.(c),6.02.(e),6.03.(i),6.03.(j),6.01.(b),6.01.(d),6.02.(e),6.03.(b),6.03.04.(b),6.03.04.(c),6.03.05.(b),6.03.05.(d),6.03.06.(b),6.04.01.(c),6.04.01.(f),6.04.02.(a),6.04.02.(b),6.04.02.(c),6.04.03.(b),6.04.06.(a),6.04.08.(a),6.04.08.(b),6.04.08.(c),6.04.08.03.(a),6.04.08.03.(b),6.03.(i),6.03.(j),6.03.03.(a),6.03.03.(d),6.03.04.(e),6.04.07.(a),6.07.01.(a),6.07.01.(c),6.03.(k),6.03.03.(a),6.03.03.(d),6.03.04.(d),6.04.07.(a),6.07.01.(c),6.03.(d),6.03.03.(b),6.03.05.(a),6.03.05.(b),6.04.01.(a),6.04.01.(g),6.04.03.(c),6.04.08.02.(a),6.04.08.02.(b),6.05.(c),6.04.07.(b),6.07.01.(a),6.07.01.(d),6.07.01.(e),6.07.01.(f),6.07.01.(g),6.07.01.(h),6.07.01.(a),6.04.07.(b),6.07.01.(f),6.07.01.(h),6.03.(f),6.03.02.(a),6.03.02.(b),6.03.05.(c),6.07.01.(o),6.03.(g)
APO13.02,6.08.(a),6.09.(i),6.08.(a),6.09.(j),6.08.(a),6.09.(i),6.04.04.(a),6.04.04.(b),6.04.04.(c),6.04.04.(d),6.04.04.(e),6.04.05.(d),6.04.05.(e),6.04.08.02.(b),6.03.01.(a),6.03.04.(a),6.03.04.(b),6.03.04.(c),6.03.04.(e),6.07.01.(o),6.02.(e),6.03.(i),6.03.(j),6.01.(b),6.01.(d),6.02.(e),6.03.(b),6.03.04.(b),6.03.04.(c),6.03.05.(b),6.03.05.(d),6.03.06.(b),6.04.01.(c),6.04.01.(f),6.04.02.(a),6.04.02.(b),6.04.02.(c),6.04.03.(b),6.04.06.(a),6.04.08.(a),6.04.08.(b),6.04.08.(c),6.04.08.03.(a),6.04.08.03.(b),6.04.01.(d),6.04.08.02.(a),6.02.(a),6.02.(b),6.03.(a),6.03.04.(b),6.03.04.(c),6.03.05.(d),6.03.06.(a),6.03.06.(b),6.04.01.(a),6.04.01.(b),6.04.01.(d),6.04.01.(e),6.04.01.(g),6.04.03.(c),6.04.08.02.(a),6.03.04.(b),6.03.04.(c),6.03.05.(d),6.03.06.(a),6.04.02.(b),6.03.04.(b),6.03.04.(c),6.03.05.(d),6.04.05.(b),6.03.(i),6.03.(j),6.03.03.(a),6.03.03.(d),6.03.04.(e),6.04.07.(a),6.07.01.(a),6.07.01.(c),6.03.(k),6.03.03.(a),6.03.03.(d),6.03.04.(d),6.04.07.(a),6.07.01.(c),6.03.(d),6.03.03.(b),6.03.05.(a),6.03.05.(b),6.04.01.(a),6.04.01.(g),6.04.03.(c),6.04.08.02.(a),6.04.08.02.(b),6.05.(c),6.04.07.(b),6.07.01.(a),6.07.01.(d),6.07.01.(e),6.07.01.(f),6.07.01.(g),6.07.01.(h),6.07.01.(a),6.04.07.(b),6.07.01.(f),6.07.01.(h),6.03.(f),6.03.02.(a),6.03.02.(b),6.03.05.(c),6.07.01.(o),6.03.(g)
APO13.03,6.03.(a),6.01.(c),6.02.(e)
BAI01.01,6.03.(d)
BAI02.01,6.03.01.(a),6.03.04.(a),6.03.04.(b),6.03.04.(c),6.03.04.(e),6.07.01.(o),6.04.03.(b),6.04.08.(a),6.04.08.(b),6.06.(a),6.06.(b),6.06.(c),6.06.(d),6.06.(e),6.06.(f),6.03.03.(a),6.03.03.(d),6.03.04.(d),6.04.07.(a),6.07.01.(c),6.02.(c),6.03.07.(a),6.03.07.(b),6.03.07.(c),6.03.07.(d)
BAI02.03,6.08.(a),6.09.(j),6.03.01.(a),6.03.04.(a),6.03.04.(b),6.03.04.(c),6.03.04.(e),6.07.01.(o)
BAI02.04,6.03.(a),6.03.01.(b),6.03.01.(d),6.08.(a),6.09.(j),6.03.01.(a),6.03.04.(a),6.03.04.(b),6.03.04.(c),6.03.04.(e),6.07.01.(o),6.04.03.(b),6.04.08.(a),6.04.08.(b),6.06.(a),6.06.(b),6.06.(c),6.06.(d),6.06.(e),6.06.(f),6.02.(c),6.03.07.(a),6.03.07.(b),6.03.07.(c),6.03.07.(d)
BAI03.01,6.03.01.(c)
BAI03.02,6.03.01.(c),6.03.03.(a),6.03.03.(d),6.03.04.(d),6.04.07.(a),6.07.01.(c)
BAI03.03,6.03.01.(c),6.03.03.(a),6.03.03.(d),6.03.04.(d),6.04.07.(a),6.07.01.(c)
BAI03.04,6.03.03.(a),6.03.03.(d),6.03.04.(d),6.04.07.(a),6.07.01.(c)
BAI03.05,6.03.01.(c),6.03.(k),6.03.03.(a),6.03.03.(d),6.03.04.(d),6.04.07.(a),6.07.01.(c)
BAI03.06,6.03.01.(b),6.03.01.(d)
BAI03.07,6.03.(d)
BAI03.08,6.03.01.(b),6.03.01.(d)
BAI03.09,6.08.(a),6.09.(j)
BAI03.10,6.09.(h)
BAI04.01,6.03.07.(a),6.03.07.(b),6.03.07.(c),6.03.07.(d)
BAI04.03,6.09.(h)
BAI04.04,6.09.(h),6.03.07.(a),6.03.07.(b),6.03.07.(c),6.03.07.(d)
BAI04.05,6.03.07.(a),6.03.07.(b),6.03.07.(c),6.03.07.(d)
BAI06.01,6.02.(a),6.03.03.(c),6.07.(a),6.07.(b),6.07.(c),6.03.(a),6.03.(a),6.08.(a),6.09.(j),6.04.04.(a),6.04.04.(b),6.04.04.(c),6.04.04.(d),6.04.04.(e),6.04.05.(d),6.04.05.(e),6.04.08.02.(b),6.03.01.(a),6.03.04.(a),6.03.04.(b),6.03.04.(c),6.03.04.(e),6.07.01.(o),6.03.02.(a),6.03.02.(b),6.03.05.(c),6.07.01.(o)
BAI06.02,6.03.(a),6.03.02.(a),6.03.02.(b),6.03.05.(c),6.07.01.(o)
BAI06.03,6.03.(a),6.10.(a),6.10.(b),6.10.(c),6.10.(d),6.10.(e),6.03.02.(a),6.03.02.(b),6.03.05.(c),6.07.01.(o)
BAI06.04,6.03.(a),6.03.02.(a),6.03.02.(b),6.03.05.(c),6.07.01.(o)
BAI07.01,6.03.(a)
BAI07.03,6.03.01.(b),6.03.01.(d),6.03.(a)
BAI07.04,6.03.(a),6.03.(d)
BAI07.05,6.03.01.(b),6.03.01.(d),6.03.(a),6.02.(c),6.03.07.(a),6.03.07.(b),6.03.07.(c),6.03.07.(d)
BAI07.06,6.03.(a)
BAI09.01,6.03.(h),6.07.01.(c),6.04.03.(a),6.10.(a),6.10.(b),6.10.(c),6.10.(d),6.10.(e),6.03.05.(b),6.04.04.(a),6.04.04.(b),6.04.04.(c),6.04.04.(d),6.04.04.(e),6.04.05.(d),6.04.05.(e),6.04.08.02.(b),6.01.(d),6.04.03.(a)
BAI09.02,6.03.(h),6.07.01.(c),6.04.03.(a),6.03.05.(b),6.04.04.(a),6.04.04.(b),6.04.04.(c),6.04.04.(d),6.04.04.(e),6.04.05.(d),6.04.05.(e),6.04.08.02.(b)
BAI09.03,6.03.(h),6.07.01.(c),6.04.03.(a),6.03.05.(b),6.03.(h),6.04.04.(a),6.04.04.(b),6.04.04.(c),6.04.04.(d),6.04.04.(e),6.04.05.(d),6.04.05.(e),6.04.08.02.(b)
BAI10.01,6.02.(a),6.03.03.(c),6.07.(a),6.07.(b),6.07.(c),6.10.(a),6.10.(b),6.10.(c),6.10.(d),6.10.(e),6.03.01.(a),6.03.04.(a),6.03.04.(b),6.03.04.(c),6.03.04.(e),6.07.01.(o),6.03.(i),6.03.(j),6.03.03.(a),6.03.03.(d),6.03.04.(e),6.04.07.(a),6.07.01.(a),6.07.01.(c),6.03.07.(a),6.03.07.(b),6.03.07.(c),6.03.07.(d)
BAI10.02,6.02.(a),6.03.03.(c),6.07.(a),6.07.(b),6.07.(c),6.10.(a),6.10.(b),6.10.(c),6.10.(d),6.10.(e),6.03.01.(a),6.03.04.(a),6.03.04.(b),6.03.04.(c),6.03.04.(e),6.07.01.(o),6.03.(i),6.03.(j),6.03.03.(a),6.03.03.(d),6.03.04.(e),6.04.07.(a),6.07.01.(a),6.07.01.(c),6.03.07.(a),6.03.07.(b),6.03.07.(c),6.03.07.(d)
BAI10.03,6.02.(a),6.03.03.(c),6.07.(a),6.07.(b),6.07.(c),6.10.(a),6.10.(b),6.10.(c),6.10.(d),6.10.(e),6.03.(i),6.03.(j),6.03.03.(a),6.03.03.(d),6.03.04.(e),6.04.07.(a),6.07.01.(a),6.07.01.(c)
BAI10.04,6.10.(a),6.10.(b),6.10.(c),6.10.(d),6.10.(e)
BAI10.05,6.10.(a),6.10.(b),6.10.(c),6.10.(d),6.10.(e)
DSS01.01,6.03.(c),6.08.(a),6.09.(i),6.03.(h),6.03.(k),6.03.02.(a),6.03.02.(b),6.03.05.(c),6.07.01.(o)
DSS01.02,6.05.(a),6.05.(b),6.05.(c),6.03.02.(a),6.03.02.(b),6.03.05.(c),6.07.01.(o)
DSS01.03,6.08.(a),6.09.(c),6.09.(f),6.09.(g),6.07.(d),6.08.(a),6.09.(a),6.09.(b),6.09.(d),6.03.(i),6.03.(j),6.03.03.(a),6.03.03.(d),6.03.04.(e),6.04.07.(a),6.07.01.(a),6.07.01.(c),6.04.07.(b),6.07.01.(a),6.07.01.(d),6.07.01.(e),6.07.01.(f),6.07.01.(g),6.07.01.(h),6.04.07.(b),6.07.01.(f),6.07.01.(h),6.03.02.(a),6.03.02.(b),6.03.05.(c),6.07.01.(o)
DSS01.04,6.08.(a),6.09.(c),6.09.(f),6.09.(g),6.07.(d),6.08.(a),6.09.(a),6.09.(b),6.09.(d),6.07.(d),6.08.(a),6.09.(a),6.09.(b),6.09.(d),6.08.(a),6.09.(e),6.09.(f),6.08.(a),6.09.(i)
DSS01.05,6.08.(a),6.09.(c),6.09.(f),6.09.(g),6.07.(d),6.08.(a),6.09.(a),6.09.(b),6.09.(d),6.07.(d),6.08.(a),6.09.(a),6.09.(b),6.09.(d),6.08.(a),6.09.(e),6.09.(f),6.08.(a),6.09.(i),6.08.(a),6.09.(i)
DSS02.01,6.03.(i),6.03.(j),6.03.03.(a),6.03.03.(d),6.03.04.(e),6.04.07.(a),6.07.01.(a),6.07.01.(c),6.04.07.(b),6.07.01.(a),6.07.01.(d),6.07.01.(e),6.07.01.(f),6.07.01.(g),6.07.01.(h),6.07.01.(a),6.04.07.(b),6.07.01.(f),6.07.01.(h)
DSS02.02,6.04.07.(b),6.07.01.(a),6.07.01.(d),6.07.01.(e),6.07.01.(f),6.07.01.(g),6.07.01.(h),6.04.07.(b),6.07.01.(f),6.07.01.(h)
DSS02.04,6.04.07.(b),6.07.01.(a),6.07.01.(d),6.07.01.(e),6.07.01.(f),6.07.01.(g),6.07.01.(h),6.04.07.(b),6.07.01.(f),6.07.01.(h)
DSS02.05,6.04.07.(b),6.07.01.(a),6.07.01.(d),6.07.01.(e),6.07.01.(f),6.07.01.(g),6.07.01.(h),6.04.07.(b),6.07.01.(f),6.07.01.(h)
DSS02.06,6.04.07.(b),6.07.01.(a),6.07.01.(d),6.07.01.(e),6.07.01.(f),6.07.01.(g),6.07.01.(h),6.04.07.(b),6.07.01.(f),6.07.01.(h)
DSS03.05,6.09.(h),6.03.02.(a),6.03.02.(b),6.03.05.(c),6.07.01.(o)
DSS04.01,6.07.(a),6.07.(b),6.07.(c),6.08.(a),6.09.(e),6.09.(f),6.02.(a),6.03.03.(c),6.07.(a),6.07.(b),6.07.(c),6.03.(h),6.07.01.(c),6.08.(a),6.09.(i)
DSS04.02,6.07.(a),6.07.(b),6.07.(c),6.08.(a),6.09.(e),6.09.(f),6.02.(a),6.03.03.(c),6.07.(a),6.07.(b),6.07.(c),6.03.(h),6.07.01.(c)
DSS04.03,6.07.(a),6.07.(b),6.07.(c),6.08.(a),6.09.(c),6.09.(f),6.09.(g),6.08.(a),6.09.(e),6.09.(f),6.03.(h),6.07.01.(c),6.08.(a),6.09.(i)
DSS04.04,6.07.01.(b),6.07.01.(j),6.07.01.(l),6.03.(h),6.07.01.(c)
DSS04.05,6.07.(a),6.07.(b),6.07.(c)
DSS04.07,6.03.(h),6.07.01.(c),6.04.03.(a),6.03.05.(b),6.07.01.(a),6.07.01.(i)
DSS05.01,6.03.(f),6.03.02.(a),6.03.02.(b),6.03.05.(c),6.07.01.(o),6.03.(g)
DSS05.02,6.02.(b),6.04.03.(a),6.05.(a),6.04.05.(a),6.04.05.(c),6.03.03.(a),6.03.03.(d),6.03.04.(d),6.04.07.(a),6.07.01.(c),6.03.(d),6.03.03.(b),6.03.05.(a),6.03.05.(b),6.04.01.(a),6.04.01.(g),6.04.03.(c),6.04.08.02.(a),6.04.08.02.(b),6.05.(c),6.03.(g)
DSS05.03,6.05.(a),6.04.05.(a),6.04.05.(c),6.03.(i),6.03.(j),6.03.02.(a),6.03.02.(b),6.03.05.(c),6.07.01.(o),6.03.(g)
DSS05.04,6.08.(a),6.09.(i),6.04.03.(a),6.03.05.(b),6.01.(b),6.01.(d),6.02.(e),6.03.(b),6.03.04.(b),6.03.04.(c),6.03.05.(b),6.03.05.(d),6.03.06.(b),6.04.01.(c),6.04.01.(f),6.04.02.(a),6.04.02.(b),6.04.02.(c),6.04.03.(b),6.04.06.(a),6.04.08.(a),6.04.08.(b),6.04.08.(c),6.04.08.03.(a),6.04.08.03.(b),6.04.01.(d),6.04.08.02.(a),6.02.(a),6.02.(b),6.03.(a),6.03.04.(b),6.03.04.(c),6.03.05.(d),6.03.06.(a),6.03.06.(b),6.04.01.(a),6.04.01.(b),6.04.01.(d),6.04.01.(e),6.04.01.(g),6.04.03.(c),6.04.08.02.(a),6.03.04.(b),6.03.04.(c),6.03.05.(d),6.03.06.(a),6.04.02.(b),6.03.04.(b),6.03.04.(c),6.03.05.(d),6.04.05.(b),6.03.(g)
DSS05.05,6.08.(a),6.09.(i),6.08.(a),6.09.(i),6.08.(a),6.09.(j),6.08.(a),6.09.(i),6.04.03.(a),6.03.05.(b),6.03.(i),6.03.(j),6.01.(b),6.01.(d),6.02.(e),6.03.(b),6.03.04.(b),6.03.04.(c),6.03.05.(b),6.03.05.(d),6.03.06.(b),6.04.01.(c),6.04.01.(f),6.04.02.(a),6.04.02.(b),6.04.02.(c),6.04.03.(b),6.04.06.(a),6.04.08.(a),6.04.08.(b),6.04.08.(c),6.04.08.03.(a),6.04.08.03.(b),6.03.(d),6.03.03.(b),6.03.05.(a),6.03.05.(b),6.04.01.(a),6.04.01.(g),6.04.03.(c),6.04.08.02.(a),6.04.08.02.(b),6.05.(c)
DSS05.06,6.01.(b),6.01.(d),6.02.(e),6.03.(b),6.03.04.(b),6.03.04.(c),6.03.05.(b),6.03.05.(d),6.03.06.(b),6.04.01.(c),6.04.01.(f),6.04.02.(a),6.04.02.(b),6.04.02.(c),6.04.03.(b),6.04.06.(a),6.04.08.(a),6.04.08.(b),6.04.08.(c),6.04.08.03.(a),6.04.08.03.(b)
DSS05.07,6.03.(e),6.07.01.(m),6.07.01.(n),6.02.(a),6.02.(b),6.03.(a),6.03.(i),6.03.(j),6.03.03.(a),6.03.03.(d),6.03.04.(e),6.04.07.(a),6.07.01.(a),6.07.01.(c),6.03.02.(a),6.03.02.(b),6.03.05.(c),6.07.01.(o)
DSS06.03,6.08.(a),6.09.(i),6.08.(a),6.09.(j),6.08.(a),6.09.(i),6.01.(b),6.01.(d),6.02.(e),6.03.(b),6.03.04.(b),6.03.04.(c),6.03.05.(b),6.03.05.(d),6.03.06.(b),6.04.01.(c),6.04.01.(f),6.04.02.(a),6.04.02.(b),6.04.02.(c),6.04.03.(b),6.04.06.(a),6.04.08.(a),6.04.08.(b),6.04.08.(c),6.04.08.03.(a),6.04.08.03.(b),6.04.01.(d),6.04.08.02.(a),6.02.(a),6.02.(b),6.03.(a),6.03.04.(b),6.03.04.(c),6.03.05.(d),6.03.06.(a),6.03.06.(b),6.04.01.(a),6.04.01.(b),6.04.01.(d),6.04.01.(e),6.04.01.(g),6.04.03.(c),6.04.08.02.(a),6.03.04.(b),6.03.04.(c),6.03.05.(d),6.03.06.(a),6.04.02.(b),6.03.04.(b),6.03.04.(c),6.03.05.(d),6.04.05.(b)
DSS06.05,6.03.(i),6.03.(j),6.03.03.(a),6.03.03.(d),6.03.04.(e),6.04.07.(a),6.07.01.(a),6.07.01.(c)
DSS06.06,6.02.(b),6.04.03.(a),6.08.(a),6.09.(i),6.04.03.(a),6.03.05.(b),6.04.05.(a),6.04.05.(c),6.01.(b),6.01.(d),6.02.(e),6.03.(b),6.03.04.(b),6.03.04.(c),6.03.05.(b),6.03.05.(d),6.03.06.(b),6.04.01.(c),6.04.01.(f),6.04.02.(a),6.04.02.(b),6.04.02.(c),6.04.03.(b),6.04.06.(a),6.04.08.(a),6.04.08.(b),6.04.08.(c),6.04.08.03.(a),6.04.08.03.(b),6.02.(a),6.02.(b),6.03.(a),6.03.04.(b),6.03.04.(c),6.03.05.(d),6.03.06.(a),6.03.06.(b),6.04.01.(a),6.04.01.(b),6.04.01.(d),6.04.01.(e),6.04.01.(g),6.04.03.(c),6.04.08.02.(a),6.03.04.(b),6.03.04.(c),6.03.05.(d),6.03.06.(a),6.04.02.(b),6.03.04.(b),6.03.04.(c),6.03.05.(d),6.04.05.(b),6.03.03.(a),6.03.03.(d),6.03.04.(d),6.04.07.(a),6.07.01.(c),6.03.(d),6.03.03.(b),6.03.05.(a),6.03.05.(b),6.04.01.(a),6.04.01.(g),6.04.03.(c),6.04.08.02.(a),6.04.08.02.(b),6.05.(c)
EDM03.02,6.01.(d),6.04.03.(a)
EDM05.02,6.08.(a),6.09.(j)
MEA01.03,6.03.04.(b),6.03.04.(c),6.03.05.(d),6.03.06.(a),6.04.02.(b),6.03.04.(b),6.03.04.(c),6.03.05.(d),6.04.05.(b)
MEA02.01,6.01.(d),6.03.01.(a),6.03.04.(a),6.03.04.(b),6.03.04.(c),6.03.04.(e),6.07.01.(o),6.02.(b),6.02.(d)
MEA02.02,6.01.(d)
MEA02.06,6.03.(e),6.07.01.(m),6.07.01.(n)
MEA02.07,6.03.(e),6.07.01.(m),6.07.01.(n)
MEA02.08,6.03.(e),6.07.01.(m),6.07.01.(n)
MEA03.01,6.03.(e),6.07.01.(m),6.07.01.(n),6.10.(a),6.10.(b),6.10.(c),6.10.(d),6.10.(e),6.10.(f),6.10.(g),6.10.(h),6.10.(i),6.03.01.(c),6.02.(b),6.04.03.(a),6.03.(h),6.07.01.(c)
MEA03.02,6.03.01.(c),6.02.(b),6.04.03.(a)
