AAC-01,06.i
AAC-02,05.h,06.i,06.j
AAC-03,06.a
AIS-01,10.b,10.c,10.e
AIS-02,05.j
AIS-03,10.b,10.e
AIS-04,01.t,09.s
BCR-01,12.d
BCR-02,12.e
BCR-03,08.h,08.i
BCR-04,09.a,09.r
BCR-05,08.d
BCR-06,08.g
BCR-07,08.j
BCR-08,08.h
BCR-09,12.a,12.b,12.c
BCR-10,09.a
BCR-11,09.l
CCC-01,09.i
CCC-02,10.l
CCC-03,09.i
CCC-04,10.h
CCC-05,09.i,10.k
DCS-01,07.a,07.b
DCS-02,08.a
DCS-03,01.k
DCS-04,08.k,08.m
DCS-05,08.k
DCS-06,08.c
DCS-07,08.b
DCS-08,08.f
DCS-09,08.b,08.i
DSI-01,07.d
DSI-02,01.m
DSI-03,09.x,09.y
DSI-04,07.e
DSI-05,10.i
DSI-06,07.b
DSI-07,08.l,09.p
EKM-01,06.d,10.g
EKM-02,06.d,10.g
EKM-03,06.d,09.l,09.o,09.s,10.f
GRM-01,10.a
GRM-02,03.b
GRM-03,02.d
GRM-04,00.a,05.a,05.c
GRM-05,05.a
GRM-06,04.a,10.f
GRM-07,02.f
GRM-08,03.d
GRM-09,04.b
GRM-10,03.b
GRM-11,03.a,03.c,05.a
HRS-01,02.h
HRS-02,02.b
HRS-03,02.c
HRS-04,02.g
HRS-05,01.x,09.o,09.u
HRS-06,05.e
HRS-07,02.a,05.c,06.g
HRS-08,07.c
HRS-09,02.e
HRS-10,01.g,02.d
HRS-11,01.h
IAM-01,06.j
IAM-02,01.a
IAM-03,01.l
IAM-04,01.c,01.q
IAM-05,09.c
IAM-06,10.j
IAM-07,05.i
IAM-08,01.b
IAM-09,01.b,01.c,01.i,01.v,10.j
IAM-10,01.e
IAM-11,02.g,02.i
IAM-12,01.d
IAM-13,01.s
IPY-01,10.h
IPY-02,10.h
IPY-03,05.k
IPY-04,09.s
IPY-05,09.s
IVS-01,09.aa,09.ab,09.ad,09.ae
IVS-02,10.k
IVS-03,09.af
IVS-04,09.h
IVS-05,10.m
IVS-06,01.i,01.m,01.n,09.m
IVS-07,01.l,10.h
IVS-08,09.d
IVS-09,01.m,01.n
IVS-10,01.m,09.m
IVS-11,01.c
IVS-12,09.m
IVS-13,09.m,11.c
MOS-01,02.e
MOS-02,01.x
MOS-03,01.x
MOS-04,02.d,02.e
MOS-05,01.x,02.e
MOS-06,02.d
MOS-07,10.k
MOS-08,02.d
MOS-09,07.a
MOS-10,01.x
MOS-11,01.x
MOS-12,01.x
MOS-13,02.d
MOS-14,01.t
MOS-15,10.k
MOS-16,01.d
MOS-17,01.x,09.j,09.l
MOS-18,01.x
MOS-19,01.x
MOS-20,02.d
SEF-01,05.f,05.g
SEF-02,11.a,11.c
SEF-03,11.a,11.b,11.c
SEF-04,11.a,11.e
SEF-05,11.d
STA-01,05.i
STA-02,11.a
STA-03,05.k,09.n
STA-04,06.g
STA-05,05.i,05.k,09.t
STA-06,03.a
STA-07,05.k
STA-08,05.i
STA-09,05.k,09.e,09.f
TVM-01,09.j,09.k
TVM-02,10.m
TVM-03,09.k
