12,AM-05
16,AM-07,PI-05,RB-11,RB-13,KOS-08
17,AM-03,SA-01,AM-01,AM-02,AM-05,PS-01,PS-02,AM-01,KOS-01,AM-08,PS-05,AM-07,SA-01,SPN-02,SPN-03,PS-02,PS-01,PS-02,PS-02,AM-05,AM-07,PI-05,RB-11,RB-13,KRY-01,KRY-04,KRY-02,KRY-03,SPN-03,BEI-03,BEI-01,OIS-01,OIS-02,OIS-06,SA-01,SPN-01,OIS-02,SA-01,HR-04,OIS-07,AM-04,HR-01,HR-02,HR-04,MDM-01,UP-01,SA-01,IDM-01,IDM-06,IDM-07,IDM-08,IDM-01,IDM-13,IDM-01,IDM-03,IDM-03,IDM-05,IDM-04,RB-10,RB-13,RB-14,KOS-02,KOS-05,RB-23,SA-01,PS-05,KRY-01,SIM-05,SIM-06,RB-01,RB-05,RB-17,RB-18,RB-19,RB-20,RB-21,RB-22
17(1),BCM-03,BCM-05,PS-03,PS-03,PS-05,SA-01,PS-01,PS-02,PS-03,PS-04,BCM-02,OIS-07,RB-03,RB-06,AM-05,IDM-01,SA-02,OIS-07,OIS-06,OIS-07,DLL-01,SPN-03,IDM-08,RB-01,RB-02
17(2),BCM-03,BCM-05,PS-03,PS-03,PS-01,PS-02,PS-03,PS-04,BCM-02,SA-02,OIS-07,OIS-06,OIS-07,DLL-01,SPN-03,IDM-08,DLL-01,DLL-02
17(3),DLL-01,BEI-03,SIM-01,COM-03,PI-03,KOS-08
22,AM-06
23,AM-06
27(3),BEI-01
4,AM-06
4(1),AM-05
5,SA-01,PS-05,MDM-01
6,OIS-07,RB-03,RB-06,AM-05,IDM-01,SA-01,PS-05,MDM-01
6(1),RB-06,RB-08
7,SA-01,PS-05,MDM-01
8,OIS-07,RB-03,RB-06,AM-05,IDM-01
