164.306,AC-1,AT-1,AU-1,CA-1,CM-1,CP-1,IA-1,IA-5,IR-1,MA-1,MP-1,PE-1,PL-1,PM-1,PS-1,RA-1,SA-1,SC-1,SI-1
164.306(a),PM-1,PM-2,PM-3,PM-4,PM-5,PM-6,PM-7,PM-8,PM-9,PM-10,PM-11
164.308(a)(1)(i),PM-1,PM-2,PM-3,PM-4,PM-5,PM-6,PM-7,PM-8,PM-9,PM-10,PM-11,IR-1,IR-2,IR-3,IR-4,IR-5,IR-7,IR-8
164.308(a)(1)(ii)(A),CA-3,RA-2,RA-3,MP-8,PM-9,SI-12,PL-5,RA-2,RA-3,CM-3,CM-4,CP-10,RA-5,SA-7,SI-1,SI-2,SI-5
164.308(a)(1)(ii)(B),PM-1,PM-2,PM-3,PM-4,PM-5,PM-6,PM-7,PM-8,PM-9,PM-10,PM-11,AC-4,CA-2,CA-6,PM-9,RA-1,CM-3,CM-4,CP-10,RA-5,SA-7,SI-1,SI-2,SI-5
164.308(a)(1)(ii)(C),PL-4,PS-1,PS-8
164.308(a)(1)(ii)(D),CA-1,CA-2,CA-6,RA-5,AC-1,AC-2,AC-5,AC-6,AU-1,AU-6,SI-1,SI-4,AU-1,AU-2,AU-3,AU-4,AU-5,AU-6,AU-7,AU-9,AU-11,AU-12,AU-14,SI-4,IR-4,IR-5,IR-8
164.308(a)(2),CA-2,PM-5,PS-2,RA-2,SA-2,AC-1,AT-1,AU-1,CA-1,CM-1,IA-1,IR-1,MA-1,MP-1,MP-1,PE-1,PL-1,PS-1,SA-1,SC-1,SI-1
164.308(a)(3)(i),PM-1,PM-2,PM-3,PM-4,PM-5,PM-6,PM-7,PM-8,PM-9,PM-10,PM-11,AC-1,IA-1,AC-3,AC-5,AC-6,IA-2,IA-4,IA-5,IA-8,MA-5,PS-6,SA-7,SI-9
164.308(a)(3)(ii)(A),AC-1,AC-2,AC-5,AC-6,AU-1,AU-6,SI-1,SI-4,AC-3,AC-5,AC-6,IA-2,IA-4,IA-5,IA-8,MA-5,PS-6,SA-7,SI-9
164.308(a)(3)(ii)(B),AC-2,AU-6,PM-10,PS-6,PS-7
164.308(a)(3)(ii)(C),PS-4,PS-4,PS-5,AC-2,PS-4,PS-5
164.308(a)(4)(i),PL-4,PS-6,PS-7,AC-3,AC-5,AC-6,IA-2,IA-4,IA-5,IA-8,MA-5,PS-6,SA-7,SI-9
164.308(a)(4)(ii)(A),AC-1,AC-2,AC-5,AC-6,AU-1,AU-6,SI-1,SI-4,AC-4,SC-2,SC-3,SC-7,CA-3,MP-5,PS-7,SA-6,SA-7,SA-9
164.308(a)(4)(ii)(B),SA-11,CM-04,AC-1,IA-1,AC-3,AC-5,AC-6,IA-2,IA-4,IA-5,IA-8,MA-5,PS-6,SA-7,SI-9
164.308(a)(4)(ii)(C),AC-1,IA-1,AC-3,AC-5,AC-6,IA-2,IA-4,IA-5,IA-8,MA-5,PS-6,SA-7,SI-9,AC-2,AU-6,PM-10,PS-6,PS-7
164.308(a)(5)(i),AT-1,AT-2,AT-3,AT-4
164.308(a)(5)(ii),AU-1,AU-2,AU-3,AU-4,AU-5,AU-6,AU-7,AU-9,AU-11,AU-12,AU-14,SI-4
164.308(a)(5)(ii)(A),AT-1,AT-2,AT-3,AT-4
164.308(a)(5)(ii)(B),SA-7,SC-5,SI-3,SI-5,SI-7,SI-8,CM-3,CM-4,CP-10,RA-5,SA-7,SI-1,SI-2,SI-5
164.308(a)(5)(ii)(C),CA-1,CA-6,CA-7,CM-2,CM-3,CM-5,CM-6,CM-9,PL-2,PL-5,SI-2,SI-6,SI-7,AC-1,AC-2,AC-5,AC-6,AU-1,AU-6,SI-1,SI-4,AC-1,AC-2,AC-3,AC-11,AU-2,AU-11,IA-1,IA-2,IA-5,IA-6,IA-8,SC-10
164.308(a)(5)(ii)(D),AT-2,AT-3,AT-4,PL-4,AC-1,AC-2,AC-3,AC-11,AU-2,AU-11,IA-1,IA-2,IA-5,IA-6,IA-8,SC-10,AC-1,AC-18,CM-6,PE-4,SC-3,SC-7
164.308(a)(6)(i),IR-1,IR-2,IR-3,IR-4,IR-5,IR-7,IR-8
164.308(a)(6)(ii),AU-6,AU-7,AU-9,AU-11,IR-5,IR-7,IR-8
164.308(a)(7)(i),CP-1,CP-2,CP-3,CP-4,CP-6,CP-7,CP-8,CP-9,CP-10,PE-17,PE-1,PE-13,PE-14,PE-15,PE-18
164.308(a)(7)(ii)(A),CP-2,CP-6,CP-7,CP-8,CP-9,SI-12,AU-11
164.308(a)(7)(ii)(B),CP-1,CP-2,CP-3,CP-4,CP-6,CP-7,CP-8,CP-9,CP-10,PE-17
164.308(a)(7)(ii)(C),CP-1,CP-2,CP-3,CP-4,CP-6,CP-7,CP-8,CP-9,CP-10,PE-17
164.308(a)(7)(ii)(D),CP-2,CP-3,CP-4,CP-2,CP-6,CP-7,CP-8,CP-9,SI-12,AU-11
164.308(a)(7)(ii)(E),CP-1,CP-2,CP-3,CP-4,CP-6,CP-7,CP-8,CP-9,CP-10,PE-17,RA-3
164.308(a)(8),CA-1,CA-2,CA-6,RA-5,CA-3,RA-2,RA-3,MP-8,PM-9,SI-12,AC-4,CA-2,CA-6,PM-9,RA-1
164.308(b)(1),CA-3,MP-5,PS-7,SA-6,SA-7,SA-9,CA-3,SA-9,SA-12,SC-7
164.308(b)(2),CA-3,MP-5,PS-7,SA-6,SA-7,SA-9
164.308(b)(3),CA-3,MP-5,PS-7,SA-6,SA-7,SA-9
164.310(a)(1),PE-2,PE-3,PE-4,PE-5,PE-6,PL-4,PS-6,PS-7
164.310(a)(2),MA-2,MA-3,MA-4,MA-5,MA-6
164.310(a)(2)(i),CP-1,CP-2,CP-3,CP-4,CP-6,CP-7,CP-8,CP-9,CP-10,PE-17
164.310(a)(2)(ii),PE-1,PE-13,PE-14,PE-15,PE-18,PE-2,PE-3,PE-4,PE-5,PE-6
164.310(b),PE-2,PE-3,PE-4,PE-5,PE-6,AC-8,AC-20,PL-4
164.310(c),PE-1,PE-5,PE-14,PE-15,PE-18,AC-17,MA-1,PE-1,PE-16,PE-17,PE-2,PE-3,PE-4,PE-5,PE-6
164.310(d)(1),AC-17,MA-1,PE-1,PE-16,PE-17,MA-1,MA-2,PE-16,AC-17,AC-18,AC-19,MP-2,MP-4,MP-6
164.310(d)(2),CP-2,CP-6,CP-7,CP-8,CP-9,SI-12,AU-11
164.310(d)(2)(i),AC-17,MA-1,PE-1,PE-16,PE-17,MP-6,PE-1
164.310(d)(2)(ii),MP-6,PE-1
164.310(d)(2)(iii),CM-8
164.312(a)(1),AC-1,IA-1,AC-3,AC-5,AC-6,IA-2,IA-4,IA-5,IA-8,MA-5,PS-6,SA-7,SI-9
164.312(a)(2),SC-12,SC-13,SC-17,SC-28,AC-18,IA-3,IA-7,SC-7,SC-8,SC-9,SC-13,SC-16,SC-23,SI-8
164.312(a)(2)(i),AC-1,AC-2,AC-3,AC-11,AU-2,AU-11,IA-1,IA-2,IA-5,IA-6,IA-8,SC-10
164.312(a)(2)(ii),CP-1,CP-2,CP-3,CP-4,CP-6,CP-7,CP-8,CP-9,CP-10,PE-17,AC-1,IA-1
164.312(a)(2)(iii),AC-1,AC-2,AC-3,AC-11,AU-2,AU-11,IA-1,IA-2,IA-5,IA-6,IA-8,SC-10
164.312(b),CA-2,CA-7,PL-6,CA-1,CA-6,CA-7,CM-2,CM-3,CM-5,CM-6,CM-9,PL-2,PL-5,SI-2,SI-6,SI-7,AC-1,AC-2,AC-5,AC-6,AU-1,AU-6,SI-1,SI-4,AU-1,AU-2,AU-3,AU-4,AU-5,AU-6,AU-7,AU-9,AU-11,AU-12,AU-14,SI-4
164.312(c)(1),SI-10,SI-11,SI-2,SI-3,SI-4,SI-6,SI-7,SI-9,CA-3,MP-5,PS-7,SA-6,SA-7,SA-9
164.312(c)(2),SI-10,SI-11,SI-2,SI-3,SI-4,SI-6,SI-7,SI-9
164.312(d),AC-1,AC-2,AC-3,AC-11,AU-2,AU-11,IA-1,IA-2,IA-5,IA-6,IA-8,SC-10
164.312(e)(1),AC-14,AC-21,AC-22,IA-8,AU-10,SC-4,SC-8,SC-9,SC-12,SC-13,SC-17,SC-28,AC-18,IA-3,IA-7,SC-7,SC-8,SC-9,SC-13,SC-16,SC-23,SI-8,AC-1,AC-18,CM-6,PE-4,SC-3,SC-7
164.312(e)(2)(i),SC-2,SC-3,SC-4,SC-5,SC-6,SC-7,SC-8,SC-9,SC-10,SC-11,SC-12,SC-13,SC-14,SC-17,SC-18,SC-20,SC-21,SC-22,SC-23,SI-10,SI-11,SI-2,SI-3,SI-4,SI-6,SI-7,SI-9,AC-14,AC-21,AC-22,IA-8,AU-10,SC-4,SC-8,SC-9,CA-3,MP-5,PS-7,SA-6,SA-7,SA-9
164.312(e)(2)(ii),AC-18,IA-3,IA-7,SC-7,SC-8,SC-9,SC-13,SC-16,SC-23,SI-8,AC-1,AC-18,CM-6,PE-4,SC-3,SC-7,AC-1,AC-18,CM-6,PE-4,SC-3,SC-7,CA-3,MP-5,PS-7,SA-6,SA-7,SA-9
164.314(a)(2)(i),CA-3,MP-5,PS-7,SA-6,SA-7,SA-9
164.314(a)(2)(i)(A),CA-3,MP-5,PS-7,SA-6,SA-7,SA-9
164.314(a)(2)(i)(B),CA-3,MP-5,PS-7,SA-6,SA-7,SA-9
164.314(a)(2)(i)(C),CA-3,MP-5,PS-7,SA-6,SA-7,SA-9
164.314(a)(2)(ii),CA-3,MP-5,PS-7,SA-6,SA-7,SA-9
164.314(b)(1),CA-3,MP-5,PS-7,SA-6,SA-7,SA-9
164.314(b)(2),CA-3,MP-5,PS-7,SA-6,SA-7,SA-9
164.316(a),AC-1,AT-1,AU-1,CA-1,CM-1,IA-1,IR-1,MA-1,MP-1,MP-1,PE-1,PL-1,PS-1,SA-1,SC-1,SI-1
164.316(b)(1)(i),PM-1,PM-2,PM-3,PM-4,PM-5,PM-6,PM-7,PM-8,PM-9,PM-10,PM-11,AC-1,AT-1,AU-1,CA-1,CM-1,IA-1,IR-1,MA-1,MP-1,MP-1,PE-1,PL-1,PS-1,SA-1,SC-1,SI-1
164.316(b)(2)(i),CP-2,CP-6,CP-7,CP-8,CP-9,SI-12,AU-11
164.316(b)(2)(ii),CM-1,PM-1,PM-11,AC-1,AT-1,AU-1,CA-1,CM-1,IA-1,IR-1,MA-1,MP-1,MP-1,PE-1,PL-1,PS-1,SA-1,SC-1,SI-1
164.316(b)(2)(iii),CM-1,PM-1,PM-11,AC-1,AT-1,AU-1,CA-1,CM-1,CP-1,IA-1,IA-5,IR-1,MA-1,MP-1,PE-1,PL-1,PM-1,PS-1,RA-1,SA-1,SC-1,SI-1
