1.1,CC8.1,CC6.1,CC6.6,CC6.7,CC6.8,CC7.1,CC8.1
1.1.1,CC8.1,CC8.1
1.1.2,CC2.1,PI1.1,CC8.1,CC6.1,CC6.6,CC6.7,CC6.8,CC7.1,CC8.1
1.1.3,CC2.1,PI1.1,CC6.1,CC3.2,CC9.2,CC8.1,CC6.1,CC6.6,CC6.7,CC6.8,CC7.1,CC8.1
1.1.4,CC8.1
1.1.5,CC8.1,CC6.1,CC6.6,CC6.7,CC6.8,CC7.1,CC8.1
1.1.6,CC8.1,CC6.1,CC6.6,CC6.7,CC6.8,CC7.1,CC8.1
1.1.7,CC8.1
1.2,CC6.1,CC6.6,CC6.7,CC6.8,CC7.1,CC8.1
1.2.1,CC6.1,CC6.6,CC6.7,CC6.8,CC7.1,CC8.1
1.2.2,CC6.6,CC6.1,CC6.6,CC6.7,CC6.8,CC7.1,CC8.1
1.2.3,CC6.1,CC6.6,CC6.7,CC6.8,CC7.1,CC8.1,CC6.1,CC6.3,CC6.6,CC6.7,CC7.1,CC7.2
1.3,CC6.1,CC6.6,CC6.7,CC6.8,CC7.1,CC8.1
1.3.1,CC6.1,CC6.6,CC6.7,CC6.8,CC7.1,CC8.1
1.3.2,CC6.1,CC6.6,CC6.7,CC6.8,CC7.1,CC8.1
1.3.3,CC6.1,CC6.6,CC6.7,CC6.8,CC7.1,CC8.1
1.3.4,CC6.1,CC6.6,CC6.7,CC6.8,CC7.1,CC8.1
1.3.5,CC6.1,CC6.6,CC6.7,CC6.8,CC7.1,CC8.1
1.3.6,CC6.1,CC6.6,CC6.7,CC6.8,CC7.1,CC8.1
1.3.7,CC6.1,CC6.6,CC6.7,CC6.8,CC7.1,CC8.1
1.4,CC6.7,CC6.8
1.5,CC6.1,CC6.6,CC6.7,CC6.8,CC7.1,CC8.1
10.1,CC6.8,CC6.1,CC6.2,CC6.3,CC6.1,CC7.2,CC7.3,CC7.4
10.2,CC6.8,CC6.1,CC7.2,CC7.3,CC7.4
10.2.1,CC6.8,CC6.1,CC7.2,CC7.3,CC7.4
10.2.2,CC6.8,CC6.1,CC7.2,CC7.3,CC7.4
10.2.3,CC6.8,CC6.1,CC7.2,CC7.3,CC7.4
10.2.4,CC6.8,CC6.1,CC7.2,CC7.3,CC7.4
10.2.5,CC6.8,CC6.1,CC7.2,CC7.3,CC7.4
10.2.6,CC6.8,CC6.1,CC7.2,CC7.3,CC7.4
10.2.7,CC6.8,CC6.1,CC7.2,CC7.3,CC7.4
10.3,CC6.8,CC6.1,CC7.2,CC7.3,CC7.4
10.3.1,CC6.8,CC6.1,CC7.2,CC7.3,CC7.4
10.3.2,CC6.8,CC6.1,CC7.2,CC7.3,CC7.4
10.3.3,CC6.8
10.3.4,CC6.8,CC6.1,CC7.2,CC7.3,CC7.4
10.3.5,CC6.8,CC6.1,CC7.2,CC7.3,CC7.4
10.3.6,CC6.8,CC6.1,CC7.2,CC7.3,CC7.4
10.4,CC6.8,CC6.1,CC7.2,CC7.3,CC7.4
10.5,CC9.2,CC6.8,CC6.1,CC6.1,CC7.2,CC7.3,CC7.4
10.5.1,CC6.1,CC7.2,CC7.3,CC7.4
10.5.2,CC6.1,CC7.2,CC7.3,CC7.4
10.5.3,CC6.1,CC7.2,CC7.3,CC7.4
10.5.4,CC6.1,CC7.2,CC7.3,CC7.4
10.5.5,PI1.4,PI1.5,CC7.1,CC7.2,CC7.3,CC7.4,CC7.5,CC8.1
10.6,CC6.8,CC6.1,CC7.2,CC7.3,CC7.4
10.6.1,CC6.8
10.6.2,CC6.8
10.6.3,CC6.8
10.7,A1.2,A1.3,C1.1,CC6.8,CC6.1,CC7.2,CC7.3,CC7.4
10.9,PI1.4,PI1.5,CC5.2,CC1.4,CC3.1,A1.1,CC6.1,CC7.2,CC7.3,CC7.4
11.1,CC6.8,CC6.1,CC6.3,CC6.6,CC6.7,CC7.1,CC7.2,CC6.1,CC6.3,CC6.6,CC6.7,CC7.1,CC7.2,CC6.1,CC6.3,CC6.6,CC6.7,CC7.1,CC7.2,CC6.1,CC6.3,CC6.6,CC6.7,CC7.1,CC7.2,CC6.1,CC6.3,CC6.6,CC6.7,CC7.1,CC7.2
11.1.1,CC6.1,CC6.3,CC6.6,CC6.7,CC7.1,CC7.2
11.1.2,CC1.4,CC3.1,A1.1,CC6.1,CC6.3,CC6.6,CC6.7,CC7.1,CC7.2
11.2,CC4.1,CC7.1,CC3.2,CC2.1,CC8.1,CC2.3
11.2.1,CC4.1,CC7.1,CC3.2,CC2.1,CC8.1,CC2.3
11.2.2,CC4.1,CC7.1,CC3.2,CC2.1,CC8.1,CC2.3
11.2.3,CC4.1,CC7.1,CC3.2,CC2.1,CC8.1,CC2.3
11.3,CC4.1
11.3.1,CC4.1
11.3.2,CC4.1
11.3.3,CC4.1
11.3.4,CC4.1
11.4,CC6.8,CC6.1,CC7.2,CC7.3,CC7.4
11.5,PI1.4,PI1.5,CC9.2,CC6.8,CC6.1,CC7.2,CC7.3,CC7.4
11.5.1,CC6.8
11.6,PI1.4,PI1.5,CC5.2,CC6.1,CC7.2,CC7.3,CC7.4
12.1,CC1.4,CC3.1,A1.1,CC5.2,CC5.2,CC2.2,CC2.3,CC6.2
12.1.1,CC5.3,CC4.1,CC5.1,CC7.2
12.10,CC1.4,CC3.1,A1.1
12.10.1,A1.2,A1.3,C1.1,CC2.3,CC2.3,CC2.2
12.10.2,CC3.1,A1.3,CC7.5
12.10.3,CC2.3
12.10.4,CC6.2
12.10.5,CC7.1,CC7.2,CC7.3,CC7.4,CC7.5,CC8.1
12.10.6,CC2.3
12.2,A1.2,CC3.1,CC3.2,A1.2,CC1.4,CC3.1,A1.1,CC3.1,CC3.2,CC5.2,CC5.2,CC2.2,CC2.3,CC3.1,CC3.2,CC3.2,CC3.1,CC3.2,CC5.1,CC3.2
12.3,CC2.1,PI1.1,CC1.4,CC3.1,A1.1,CC9.2,CC6.8,CC3.3,CC6.5,C1.2,P4.3,CC6.1,CC6.2,CC5.3,CC6.1,CC6.2,CC6.3
12.3.1,CC6.8
12.3.10,CC6.1,CC3.2,CC9.2
12.3.2,CC6.8
12.3.3,CC6.1,CC3.2,CC9.2
12.3.4,CC8.1
12.3.5,CC6.8
12.3.6,CC6.8
12.3.7,CC6.8
12.3.8,CC6.2,CC6.3
12.3.9,CC6.2,CC6.3
12.4,CC1.4,CC3.1,A1.1,CC5.3
12.4.1,CC1.4,CC3.1,A1.1,CC5.3,CC2.2
12.5,CC1.4,CC3.1,A1.1
12.5.2,CC6.1,CC7.2,CC7.3,CC7.4
12.5.3,CC1.4,CC3.1,A1.1,CC2.3
12.5.4,CC6.2,CC6.3,CC2.2,CC2.3,CC6.2,CC6.3,CC2.3,CC6.2,CC6.3,CC6.4
12.5.5,CC6.2
12.6,CC2.1,PI1.1,CC1.4,CC3.1,A1.1,CC5.3,CC2.2
12.6.1,CC1.4,CC3.1,A1.1
12.6.2,CC1.4,CC3.1,A1.1
12.7,CC1.4
12.8,CC9.2,CC5.1,CC3.2
12.8.1,CC9.2
12.8.2,CC9.2,CC9.2
12.8.3,CC1.4,CC9.2
12.8.4,CC4.1,CC4.1,CC5.1,CC3.2,CC9.2
12.8.5,CC1.3
2.1,CC9.2,CC6.8,CC6.1,CC6.8,CC7.1,CC7.2,CC8.1
2.1.1,CC3.1,PI1.3,CC6.6,CC6.7,CC6.1,CC6.1,CC6.3,CC6.6,CC6.7,CC7.1,CC7.2
2.2,CC2.1,PI1.1,CC8.1,CC6.1,CC6.8,CC7.1,CC7.2,CC8.1,CC7.1,CC3.2,CC2.1,CC8.1,CC2.3
2.2.1,CC8.1
2.2.2,CC6.8,CC8.1,CC6.1,CC6.6,CC6.7,CC6.8,CC7.1,CC8.1
2.2.3,CC8.1,CC6.1,CC6.6,CC6.7,CC6.8,CC7.1,CC8.1
2.2.4,CC9.2,CC8.1,CC6.1,CC6.6,CC6.7,CC6.8,CC7.1,CC8.1
2.2.5,CC9.2
2.3,PI1.4,PI1.5,CC9.2,CC6.6,CC6.7,CC6.1
2.4,CC9.2,CC9.2
2.5,CC9.2,CC6.1,CC6.6,CC6.7,CC6.8,CC7.1,CC8.1,CC6.1,CC6.8,CC7.1,CC7.2,CC8.1
2.6,CC9.2
3.1,CC3.1,A1.2,A1.3,C1.1,CC6.1,CC6.2,CC3.1,PI1.3,CC6.5,P4.3,CC6.5,P4.3
3.2,A1.2,A1.3,C1.1
3.2.1,A1.2,A1.3,C1.1
3.2.2,A1.2,A1.3,C1.1
3.2.3,A1.2,A1.3,C1.1
3.3,CC9.2,CC6.6,CC6.7,CC6.1
3.4,CC9.2,CC6.6,CC6.7,CC6.1
3.4.1,PI1.4,PI1.5,CC6.6,CC6.7,CC6.1
3.5.2,CC6.2,CC6.3,CC6.1,CC6.2,CC6.3,CC6.6
3.5.3,A1.2
3.5.4,CC9.2
3.6,CC9.2,CC6.8
3.6.3,A1.2
3.6.6,CC6.1,CC6.2,CC6.3,CC6.6
3.7,A1.2,CC6.2
4.1,PI1.4,PI1.5,CC6.4,A1.2,CC9.2,CC6.8,CC3.1,PI1.3,CC6.6,CC6.7,CC6.1,CC2.3,CC6.1,CC6.7,CC6.1,CC6.6,CC6.7,CC6.8,CC7.1,CC8.1,CC6.1,CC6.7,CC6.1,CC6.3,CC6.6,CC6.7,CC7.1,CC7.2
4.1.1,CC6.1,CC6.2,CC6.3,P6.4,PI1.4,PI1.5,CC6.4,A1.2,CC3.1,PI1.3,CC6.6,CC6.7,CC6.1,CC6.1,CC6.3,CC6.6,CC6.7,CC7.1,CC7.2,CC6.1
4.2,CC6.1,CC6.2,CC6.3,P6.4,CC9.2,CC3.1,PI1.3,CC6.6,CC6.7,CC6.1
4.3,CC6.1,CC6.2,CC6.3,P6.4,CC1.4,CC3.1,A1.1,CC6.6,CC6.7,CC6.1
5,CC6.7,CC6.8
5.1,A1.2,CC6.8,CC6.1,CC6.8,CC7.1,CC7.2,CC8.1
5.1.1,CC6.8
5.1.2,CC6.8
5.2,A1.2,CC6.8
5.3,A1.2,CC6.8
5.4,CC6.8
6,CC8.1,CC7.1,CC3.1
6.1,PI1.4,PI1.5,A1.2,CC8.1,CC7.1,CC7.2,CC7.1,CC3.2,CC2.1,CC8.1,CC2.3
6.2,A1.2,CC8.1,CC6.8,CC7.1,CC3.2,CC2.1,CC8.1,CC2.3
6.3,CC8.1
6.3.1,PI1.1,PI1.2,PI1.3,PI1.4,CC9.2
6.3.2,CC4.1,PI1.1,PI1.2,PI1.3,PI1.4,PI1.4,PI1.5,CC8.1,CC9.2,CC8.1,CC7.1,CC3.2,CC2.1,CC8.1,CC2.3
6.4,CC8.1
6.4.1,CC6.3,CC5.1,CC5.2,CC6.1,CC6.6,CC8.1
6.4.2,CC9.2,CC5.1,CC6.3,CC6.3,CC5.1,CC5.2,CC6.1,CC6.6,CC8.1
6.4.3,CC9.2
6.4.4,CC9.2
6.4.5,CC8.1,CC7.1,CC3.2,CC2.1,CC8.1,CC2.3
6.4.5.1,CC9.2
6.4.5.2,CC9.2
6.4.5.3,CC9.2
6.5,CC8.1,CC7.1,CC3.1,PI1.4,PI1.5,CC8.1,CC7.1,CC3.2,CC2.1,CC8.1,CC2.3
6.5.1,CC6.6,CC6.7,CC6.1
6.5.10,CC6.6,CC6.7,CC6.1
6.5.2,CC6.6,CC6.7,CC6.1
6.5.3,CC6.6,CC6.7,CC6.1
6.5.4,CC6.6,CC6.7,CC6.1
6.5.5,CC6.6,CC6.7,CC6.1
6.5.6,CC6.6,CC6.7,CC6.1
6.5.7,CC6.6,CC6.7,CC6.1
6.5.8,CC6.6,CC6.7,CC6.1
6.5.9,CC6.6,CC6.7,CC6.1
6.6,CC4.1,CC8.1,CC7.1,CC3.2,CC2.1,CC8.1,CC2.3
6.7,CC9.2,CC8.1
7.1,PI1.4,PI1.5,A1.2,CC9.2,CC6.8,CC6.2,CC6.3,CC6.6,CC6.3,CC6.3,CC2.2,CC2.3,CC6.2,CC6.3,CC6.1
7.1.1,CC6.3,CC6.3,CC2.2,CC2.3,CC6.2,CC6.3
7.1.2,CC6.1,CC6.6,CC6.3,CC6.3,CC2.2,CC2.3,CC6.2,CC6.3,CC6.1
7.1.3,CC9.2,CC6.6,CC6.3,CC6.3,CC2.2,CC2.3,CC6.2,CC6.3
7.1.4,CC9.2,CC6.1,CC6.3,CC6.3,CC2.2,CC2.3,CC6.2,CC6.3
7.2,PI1.4,PI1.5,A1.2,CC6.1,CC6.6,CC6.3,CC6.3,CC6.1
7.2.1,CC6.3
7.2.2,CC6.3
7.2.3,CC6.6
7.3,PI1.4,PI1.5,CC5.3,CC5.2,CC2.2,CC2.3,CC6.1,CC6.2,CC5.1,CC6.3,CC6.3
8.1,PI1.4,PI1.5,CC6.1,CC6.2,CC6.3
8.1.3,CC2.3,CC6.2,CC6.3,CC6.4
8.1.4,CC6.2,CC1.5,CC2.3,CC6.2,CC6.3,CC6.4
8.1.5,CC6.1,CC2.3,CC6.2,CC6.3,CC6.4
8.2,PI1.4,PI1.5
8.2.1,CC6.6,CC6.7,CC6.1
8.3,PI1.4,PI1.5,CC9.2
8.3.1,PI1.4,PI1.5,CC9.2
8.3.2,PI1.4,PI1.5,CC9.2
8.4,PI1.4,PI1.5
8.5,PI1.4,PI1.5,CC6.1
8.5.1,CC9.2
8.6,PI1.4,PI1.5
8.7,PI1.4,PI1.5,CC9.2
8.8,PI1.4,PI1.5,CC5.3,CC5.2,CC2.2,CC2.3,CC6.1,CC6.2,CC5.1,CC6.3
9.1,CC6.4,A1.2,A1.2,CC9.2,CC6.8,CC6.1,CC6.4,CC7.2,CC6.4,CC7.2,A1.2,CC6.1,CC6.4,CC7.2,A1.2,CC6.1,CC6.4,CC7.2,A1.2,CC6.1,CC6.4,CC6.3
9.1.1,CC6.8,CC6.1,CC6.4,CC7.2,CC6.4,CC7.2,A1.2,CC6.1,CC6.4,CC7.2,A1.2,CC6.1,CC6.4,CC7.2,A1.2,CC6.1,CC6.4,CC6.3
9.1.2,CC9.2,CC6.8,CC6.1,CC6.4,CC7.2,CC6.4,CC7.2,A1.2,CC6.1,CC6.4,CC7.2,A1.2,CC6.1,CC6.4,CC6.3,CC6.6
9.1.3,CC3.1,CC3.2,A1.2,CC6.8,CC6.1,CC6.4,CC7.2,CC6.1,CC6.4,CC7.2,A1.2,CC6.6,CC6.1,CC6.3,CC6.6,CC6.7,CC7.1,CC7.2
9.10,CC6.1,CC6.2,CC5.3,CC5.2,CC2.2,CC2.3,CC6.1,CC6.2,CC5.1,CC6.3
9.2,CC6.4,A1.2,A1.2,CC9.2,CC6.8,CC6.1,CC6.4,CC7.2,CC6.4,CC7.2,A1.2,CC6.1,CC6.4,CC7.2,A1.2,CC6.1,CC6.4,CC6.3
9.3,A1.2,CC6.8,CC6.1,CC6.4,CC7.2,CC6.4,CC7.2,A1.2,CC6.1,CC6.4,CC7.2,A1.2,CC6.1,CC6.4,CC6.3,CC6.1,CC6.3,CC6.2,CC6.4
9.4,A1.2,CC6.8,CC6.1,CC6.4,CC7.2,CC6.4,CC7.2,A1.2,CC6.1,CC6.4,CC7.2,A1.2,CC6.1,CC6.4,CC6.3
9.4.1,CC6.8,CC6.1,CC6.4,CC7.2,CC6.4,CC7.2,A1.2,CC6.1,CC6.4,CC7.2,A1.2,CC6.1,CC6.4,CC6.3
9.4.2,CC6.8,CC6.1,CC6.4,CC7.2,CC6.4,CC7.2,A1.2,CC6.1,CC6.4,CC7.2,A1.2,CC6.1,CC6.4,CC6.3
9.4.3,CC6.8,CC6.1,CC6.4,CC7.2,CC6.4,CC7.2,A1.2,CC6.1,CC6.4,CC7.2,A1.2,CC6.1,CC6.4,CC6.3
9.4.4,CC6.1,CC6.4,CC7.2,CC6.4,CC7.2,A1.2,CC6.1,CC6.4,CC7.2,A1.2,CC6.1,CC6.4,CC6.3
9.5,A1.2,CC3.1,CC3.2,A1.2,A1.2,A1.3,C1.1,CC6.1,CC6.4,CC7.2,A1.2,CC6.1,CC6.4,CC6.3,CC6.1
9.5.1,A1.2,A1.3,C1.1,CC6.1,CC6.4,CC7.2,A1.2,CC6.1,CC6.4,CC6.3,CC6.1
9.6,A1.2,CC3.1,CC3.2,A1.2,A1.2,A1.3,C1.1,CC6.1
9.6.1,CC6.1,CC6.2
9.7,A1.2,A1.2,A1.3,C1.1,CC6.1
9.7.1,CC3.2,CC6.1,A1.1,CC6.1,CC6.2
9.8,A1.2,A1.2,A1.3,C1.1,CC3.3,CC6.5,C1.2,P4.3,CC6.1,CC6.5,P4.3
9.8.1,CC3.3,CC6.5,C1.2,P4.3,CC6.5,P4.3
9.8.2,CC3.3,CC6.5,C1.2,P4.3,CC6.5,P4.3
9.9,A1.2,CC3.1,CC3.2,A1.2,CC3.2,CC6.1,A1.1,CC6.1
9.9.1,CC3.1,CC3.2,A1.2,A1.2,A1.3,C1.1,CC3.2,CC6.1,A1.1
9.9.2,CC3.2,CC6.1,A1.1
9.9.3,CC3.2,CC6.1,A1.1
A1,CC9.2
